Rang;Score;Entreprise;Agence_etablissement;Nom_decideur;Prenom;Fonction;Email;Statut_email;Telephone;Site_web;Ville_entreprise;Departement;Region;Nom_chantier_projet;Ville_chantier;Departement_chantier;Nature_du_besoin;Preuve_exacte_du_besoin;Produit_recherche;Volume_m3;Autre_quantite_surface;Date_document_annonce;Etat_du_projet;Date_limite_calendrier;Valeur_du_marche;Donneur_d_ordre;Titulaire_groupement;Source_principale;Deuxieme_source;Pourquoi_prioritaire;Angle_approche_personnalise;Question_a_poser;Estimation_potentiel;Distance_logique_geographique;Commentaire_logistique;Date_verification
1;A++;Commune de Vitry-sur-Seine — Service Espaces Verts;NON RENSEIGNÉ — À RECHERCHER;NON RENSEIGNÉ — À RECHERCHER;NON RENSEIGNÉ — À RECHERCHER;NON RENSEIGNÉ — À RECHERCHER;NON RENSEIGNÉ — À RECHERCHER;NON RENSEIGNÉ — À RECHERCHER;NON RENSEIGNÉ — À RECHERCHER;NON RENSEIGNÉ — À RECHERCHER;Vitry-sur-Seine;94;Île-de-France;Fourniture de substrats, terre, paillages et amendements 2027 (reconductible 2028-2029-2030);Vitry-sur-Seine;94;Marché de FOURNITURE DIRECTE (pas un marché de travaux) : substrats, terre, paillages, amendements — pour le service espaces verts municipal.;Avis de marché publié le 24/07/2026 par la Commune de Vitry-sur-Seine (Service Espaces Verts) : fourniture de substrats, terre, paillages et amendements, période 2027 reconductible 2028/2029/2030. Marché de fournitures non alloti. Date limite de remise des offres : 04/09/2026 17h30 (délai dépassé à la date de vérification — attribution en cours ou imminente).;Terre végétale / substrats / amendements / paillages;NON RENSEIGNÉ — À RECHERCHER;NON RENSEIGNÉ — À RECHERCHER;24/07/2026;Offres closes le 04/09/2026 — en cours d'analyse/attribution probable;04/09/2026 (dépassée);NON RENSEIGNÉ — À RECHERCHER;Commune de Vitry-sur-Seine;NON RENSEIGNÉ — À RECHERCHER;e-marchespublics.com — https://www.e-marchespublics.com/appel-offre/ile-de-france/val-de-marne/vitry-sur-seine;Semagora — https://semagora.com/marches-publics/mairie-de-vitry-sur-seine-service-des-marches-publics-250/;C'est le donneur d'ordre LUI-MÊME qui achète la matière (pas un exécutant tiers à démarcher) — contrat-cadre récurrent sur 4 ans, clôture très récente donc interlocuteur en pleine décision fournisseur.;Se positionner comme fournisseur/second fournisseur pour sécuriser l'approvisionnement du marché-cadre 2027-2030 (offre de continuité ou de secours si le titulaire principal est déjà désigné).;Le marché 2027-2030 est-il déjà attribué ? Quel est votre fournisseur actuel et vos volumes annuels de terre végétale/substrats ?;Moyen à gros (contrat récurrent 4 ans);~450 km de Wittelsheim;Distance importante pour un flux régulier — pertinent seulement si le volume annuel est significatif ou via un partenaire logistique IDF. Logistique à valider.;28/09/2026
2;A++;SANEF (Société des Autoroutes du Nord et de l'Est de la France);Direction régionale Alsace / Contournement Ouest de Strasbourg;NON RENSEIGNÉ — À RECHERCHER;NON RENSEIGNÉ — À RECHERCHER;NON RENSEIGNÉ — À RECHERCHER;NON RENSEIGNÉ — À RECHERCHER;NON RENSEIGNÉ — À RECHERCHER;NON RENSEIGNÉ — À RECHERCHER;NON RENSEIGNÉ — À RECHERCHER;Issy-les-Moulineaux (siège) / Strasbourg (chantier);67;Grand Est;Autoroute A4 — 1ère phase d'aménagement du nœud autoroutier A4/A35/A355 — Mesures compensatoires et aménagements écologiques (MC4), sites Fer à Cheval et Forlen;Secteur Strasbourg / Contournement Ouest;67;Travaux de mesures compensatoires écologiques : décapage de terre végétale, stockage temporaire, terrassement/reprise de stock, réengazonnement/plantations sur les sites Fer à Cheval et Forlen.;Avis publié au Journal officiel de l'UE (réf. 113176-2026, 17/02/2026) par SANEF : travaux de mise en œuvre de mesures compensatoires et aménagements écologiques (MC4), incluant décapage de terre végétale, stockage, terrassement, reprise de stock et plantations, sites Fer à Cheval et Forlen (raccordement A4/A35 au Contournement Ouest de Strasbourg A355).;Terre végétale (réemploi + apport complémentaire probable);NON RENSEIGNÉ — À RECHERCHER;NON RENSEIGNÉ — À RECHERCHER;17/02/2026;Marché en cours d'attribution ou de démarrage — travaux liés au chantier A355;NON RENSEIGNÉ — À RECHERCHER;NON RENSEIGNÉ — À RECHERCHER;SANEF;Non identifié à ce jour — À VÉRIFIER (marché récent);marchesonline.com — https://www.marchesonline.com/appels-offres/avis/autoroute-a4-1ere-phase-d-amenagement-du-noeud-aut/ao-9562786-1;"lacentraledesmarches.com — projet 528750 ; groupe.sanef.com/fr/grands-chantiers/raccordement-COS";Chantier à ~65 km de Wittelsheim (le plus proche géographiquement de toute la liste), volumes de terre végétale explicitement mentionnés dans l'objet du marché, donneur d'ordre national solvable (SANEF/groupe Abertis).;Contacter directement le service environnement/travaux de SANEF Alsace et, en parallèle, identifier l'entreprise de TP/paysage titulaire des travaux MC4 pour proposer la fourniture régionale (délai de livraison réduit vs fournisseur francilien).;Quelle entreprise réalise les travaux MC4 (Fer à Cheval / Forlen) et qui est responsable de l'approvisionnement en terre végétale complémentaire ?;Gros (mesures compensatoires écologiques sur 2 sites);~65 km de Wittelsheim — EXCELLENT;Logistique très favorable, livraison directe possible sans intermédiaire.;28/09/2026
3;A++;Conseil Départemental des Vosges (CD88) — Direction des routes;NON RENSEIGNÉ — À RECHERCHER;NON RENSEIGNÉ — À RECHERCHER;NON RENSEIGNÉ — À RECHERCHER;NON RENSEIGNÉ — À RECHERCHER;NON RENSEIGNÉ — À RECHERCHER;NON RENSEIGNÉ — À RECHERCHER;NON RENSEIGNÉ — À RECHERCHER;NON RENSEIGNÉ — À RECHERCHER;Épinal;88;Grand Est;Calibrage et renforcement de la RD58A entre Saulcy-sur-Meurthe et Mandray (PR 0+573 au PR 2+430);Saulcy-sur-Meurthe / Mandray;88;Travaux routiers avec décapage de terre végétale et fourniture/mise en œuvre de terre végétale en accotements/talus.;Avis marchesonline.com : décapage de 8 130 m² de terre végétale et fourniture de 685 m³ de terre végétale dans le cadre du calibrage/renforcement de la RD58A.;Terre végétale;"685 m³ (fourniture) ; 8 130 m² décapés";NON RENSEIGNÉ — À RECHERCHER;NON RENSEIGNÉ — À RECHERCHER;À vérifier — marché identifié via agrégateur, statut (en cours/attribué) à confirmer;NON RENSEIGNÉ — À RECHERCHER;NON RENSEIGNÉ — À RECHERCHER;Conseil Départemental des Vosges;NON RENSEIGNÉ — À RECHERCHER;marchesonline.com — https://www.marchesonline.com/appels-offres/avis/calibrage-et-renforcement-entre-saulcy-sur-meurthe-et-m/ao-8215661-1;NON RENSEIGNÉ — À RECHERCHER;Volume explicite et documenté (685 m³), donneur d'ordre public identifié, région Grand Est relativement proche.;Contacter la Direction des routes du CD88 pour connaître le fournisseur retenu et proposer une offre pour ce lot ou les prochains marchés routiers similaires.;Le marché RD58A est-il attribué ? Qui fournit la terre végétale (685 m³) et à quel calendrier ?;Moyen (~685 m³ ≈ potentiel de quelques milliers d'euros selon fourchette indicative interne);~140 km de Wittelsheim;Distance raisonnable pour un camion routier standard.;28/09/2026
4;A++;CU Grand Paris Seine & Oise (GPSEO) / Île-de-France Mobilités — Maîtrise d'ouvrage tramway T13;NON RENSEIGNÉ — À RECHERCHER;NON RENSEIGNÉ — À RECHERCHER;NON RENSEIGNÉ — À RECHERCHER;NON RENSEIGNÉ — À RECHERCHER;NON RENSEIGNÉ — À RECHERCHER;NON RENSEIGNÉ — À RECHERCHER;NON RENSEIGNÉ — À RECHERCHER;NON RENSEIGNÉ — À RECHERCHER;Poissy / Achères;78;Île-de-France;Extension de la ligne de tramway T13 « Saint-Germain – Achères » — secteur 5 (Avenue Maurice Berteaux à Poissy, terminus RER Achères Ville, Avenue de Conflans à Achères);Poissy / Achères;78;Fourniture de terre végétale, réemploi de terres végétales et déblais de remblaiement urbain, fourniture/semis/plantation dans le cadre de l'extension du tramway.;Avis de marché BOAMP n° 26-9148 du 27/01/2026 : fourniture de terre végétale, réemploi des terres végétales et déblais de remblaiement en milieu urbain, fourniture, semis et plantation de végétaux — chantier d'extension du tramway T13 Saint-Germain–Achères, secteur Poissy/Achères (78).;Terre végétale (fourniture + réemploi);NON RENSEIGNÉ — À RECHERCHER;NON RENSEIGNÉ — À RECHERCHER;27/01/2026;NON RENSEIGNÉ — À RECHERCHER;NON RENSEIGNÉ — À RECHERCHER;NON RENSEIGNÉ — À RECHERCHER;CU Grand Paris Seine & Oise / Île-de-France Mobilités (à confirmer précisément);NON RENSEIGNÉ — À RECHERCHER;BOAMP — Avis n° 26-9148 (27/01/2026) — https://www.boamp.fr/pages/avis/?q=idweb:%2226-9148%22;NON RENSEIGNÉ — À RECHERCHER;Besoin explicite de terre végétale nommé dans l'objet même du marché, projet d'infrastructure de transport structurant avec plusieurs secteurs (probable récurrence sur d'autres tronçons T13).;Identifier l'entreprise de travaux titulaire du lot VRD/espaces verts du secteur 5 et proposer la fourniture de terre végétale + réemploi de déblais.;Qui est le titulaire du lot espaces verts/VRD du secteur 5 de l'extension T13, et quels volumes de terre végétale sont prévus ?;Gros (projet d'infrastructure pluriannuel, plusieurs secteurs);~450 km de Wittelsheim;Distance importante — pertinent si le volume est important ou pour du réemploi local plutôt que fourniture longue distance. Logistique à valider.;28/09/2026
5;A++;Muséum National d'Histoire Naturelle (MNHN);NON RENSEIGNÉ — À RECHERCHER;NON RENSEIGNÉ — À RECHERCHER;NON RENSEIGNÉ — À RECHERCHER;NON RENSEIGNÉ — À RECHERCHER;NON RENSEIGNÉ — À RECHERCHER;NON RENSEIGNÉ — À RECHERCHER;NON RENSEIGNÉ — À RECHERCHER;NON RENSEIGNÉ — À RECHERCHER;Paris;75;Île-de-France;Fourniture de substrats, terre végétale, paillages, amendements, produits de biocontrôle et insectes auxiliaires;Paris (sites du MNHN, dont Jardin des Plantes);75;Marché de fourniture directe et récurrente de terre végétale/substrats pour l'entretien des collections végétales et espaces verts du Muséum.;Appel d'offres identifié via francemarches.com : « FOURNITURE DE SUBSTRATS, TERRE... » pour les besoins du Muséum National d'Histoire Naturelle, incluant terre végétale, paillages, amendements, produits de biocontrôle et insectes auxiliaires.;Terre végétale / substrats / amendements;NON RENSEIGNÉ — À RECHERCHER;NON RENSEIGNÉ — À RECHERCHER;NON RENSEIGNÉ — À RECHERCHER;À vérifier — dates précises et statut à confirmer sur francemarches.com (accès direct bloqué depuis cette session);NON RENSEIGNÉ — À RECHERCHER;NON RENSEIGNÉ — À RECHERCHER;Muséum National d'Histoire Naturelle;NON RENSEIGNÉ — À RECHERCHER;francemarches.com — https://www.francemarches.com/appel-offre/3boamp2640731-2026-fourniture-substrats-terre;NON RENSEIGNÉ — À RECHERCHER;Institution publique nationale avec besoin récurrent documenté et varié (terre + substrats horticoles spécialisés) — potentiel de relation fournisseur long terme.;Se positionner comme fournisseur de terre amendée/criblée en complément des substrats horticoles spécialisés déjà achetés.;Quel est le volume annuel de terre végétale acheté par le MNHN et le calendrier du prochain marché ?;Moyen (institution avec budget récurrent mais volumes probablement modestes);~450 km de Wittelsheim;Distance importante — pertinent uniquement si volume/valeur significatifs ou relation long terme. Logistique à valider.;28/09/2026
6;A++;SPL Euralille;NON RENSEIGNÉ — À RECHERCHER;NON RENSEIGNÉ — À RECHERCHER;NON RENSEIGNÉ — À RECHERCHER;NON RENSEIGNÉ — À RECHERCHER;NON RENSEIGNÉ — À RECHERCHER;NON RENSEIGNÉ — À RECHERCHER;NON RENSEIGNÉ — À RECHERCHER;NON RENSEIGNÉ — À RECHERCHER;Lille;59;Hauts-de-France;Parc de la Vallée / Parc Saint-Sauveur — ZAC Saint-Sauveur (connecteurs du parc);Lille;59;Travaux d'espaces verts avec fourniture et mise en place de terre végétale et de technosol, fourniture de végétaux et plantations.;Marché identifié (Akkel / centraledesmarches.com) : travaux d'espaces verts nécessaires à l'aménagement des connecteurs du parc de la ZAC Saint-Sauveur — fourniture et mise en place de terre végétale et technosol, fourniture de végétaux et plantations. Date limite de remise des offres constatée : 13/01/2026. Le Parc Saint-Sauveur (4,8 ha) a officiellement ouvert le 20/06/2026 — ce lot concerne vraisemblablement une phase complémentaire (connecteurs) encore en cours.;Terre végétale / technosol;NON RENSEIGNÉ — À RECHERCHER;NON RENSEIGNÉ — À RECHERCHER;Offres attendues avant le 13/01/2026;"Phase principale du parc livrée (juin 2026) ; statut du lot « connecteurs » à vérifier — pourrait être déjà attribué";NON RENSEIGNÉ — À RECHERCHER;NON RENSEIGNÉ — À RECHERCHER;SPL Euralille (pour Métropole Européenne de Lille / Ville de Lille);NON RENSEIGNÉ — À RECHERCHER;centraledesmarches.com — https://centraledesmarches.com/marches-publics/Lille-Spl-euralille-Travaux-du-Parc-de-la-Vallee.../493818;akkel.fr — https://www.akkel.fr/appel-offre/2025-129928-travaux-parc-vallee-comprenant-travaux;Besoin explicite de terre végétale ET technosol nommé dans l'objet du marché, maître d'ouvrage professionnel (SEM d'aménagement) avec probable récurrence sur d'autres opérations métropolitaines.;Vérifier l'état d'attribution du lot connecteurs et se présenter comme fournisseur régional pour les prochaines phases/opérations de SPL Euralille.;Le lot terre végétale/technosol du parc de la Vallée est-il attribué ? Quelles sont les prochaines opérations SPL Euralille nécessitant de la terre végétale ?;Moyen à gros;~490 km de Wittelsheim;Distance importante — logistique à valider, pertinent si volumes significatifs.;28/09/2026
7;A++;Commune de Douvrin;NON RENSEIGNÉ — À RECHERCHER;NON RENSEIGNÉ — À RECHERCHER;NON RENSEIGNÉ — À RECHERCHER;NON RENSEIGNÉ — À RECHERCHER;NON RENSEIGNÉ — À RECHERCHER;NON RENSEIGNÉ — À RECHERCHER;NON RENSEIGNÉ — À RECHERCHER;NON RENSEIGNÉ — À RECHERCHER;Douvrin;62;Hauts-de-France;Construction d'un pôle de vie à Douvrin — Lot Paysage;Douvrin;62;Lot paysage d'un marché de construction — aménagements paysagers avec apport de terre végétale probable.;Avis marchesonline.com publié le 10/04/2026 : « Travaux de construction d'un pôle de vie à Douvrin — Lot Paysage », durée de marché 32 mois.;Terre végétale (probable, lot paysage d'un marché de construction);NON RENSEIGNÉ — À RECHERCHER;Marché de 32 mois;10/04/2026;NON RENSEIGNÉ — À RECHERCHER;NON RENSEIGNÉ — À RECHERCHER;NON RENSEIGNÉ — À RECHERCHER;Commune de Douvrin;NON RENSEIGNÉ — À RECHERCHER;marchesonline.com — https://www.marchesonline.com/appels-offres/avis/travaux-de-construction-d-un-pole-de-vie-a-douvrin-lo/ao-9587957-1;NON RENSEIGNÉ — À RECHERCHER;Lot paysage identifié nommément dans un marché de construction récent (avril 2026), durée de marché longue (32 mois) suggérant un chantier d'ampleur.;Identifier le titulaire du lot paysage et proposer la fourniture de terre amendée pour les espaces extérieurs du pôle de vie.;Qui est titulaire du lot paysage et quel volume de terre végétale est prévu au CCTP/DPGF ?;Moyen;~530 km de Wittelsheim;Distance importante — logistique à valider.;28/09/2026
8;A++;Ville de Lille / MEL — aménagement ZAC Rives de la Haute Deûle (secteur Marais), Lomme;NON RENSEIGNÉ — À RECHERCHER;NON RENSEIGNÉ — À RECHERCHER;NON RENSEIGNÉ — À RECHERCHER;NON RENSEIGNÉ — À RECHERCHER;NON RENSEIGNÉ — À RECHERCHER;NON RENSEIGNÉ — À RECHERCHER;NON RENSEIGNÉ — À RECHERCHER;NON RENSEIGNÉ — À RECHERCHER;Lomme (Lille);59;Hauts-de-France;Réalisation des aménagements des espaces publics du secteur Marais — ZAC des Rives de la Haute Deûle;Lomme;59;Aménagement d'espaces publics avec fourniture de terre végétale pour espaces verts.;Avis marchesonline.com : « Réalisation des aménagements des espaces publics du secteur Marais de la ZAC du premier secteur opérationnel des Rives de la Haute Deûle, Lomme » — mention de fourniture de terre végétale pour le développement des espaces verts.;Terre végétale;NON RENSEIGNÉ — À RECHERCHER;NON RENSEIGNÉ — À RECHERCHER;NON RENSEIGNÉ — À RECHERCHER;NON RENSEIGNÉ — À RECHERCHER;NON RENSEIGNÉ — À RECHERCHER;NON RENSEIGNÉ — À RECHERCHER;Ville de Lille / MEL (aménageur ZAC à confirmer);NON RENSEIGNÉ — À RECHERCHER;marchesonline.com — https://www.marchesonline.com/appels-offres/avis/realisation-des-amenagements-des-espaces-publics-du-s/ao-9070510-1;NON RENSEIGNÉ — À RECHERCHER;ZAC en développement actif avec plusieurs phases à venir — potentiel de relation fournisseur récurrente sur plusieurs secteurs opérationnels.;Identifier l'aménageur/titulaire et proposer une offre-cadre pour les phases suivantes de la ZAC.;Quel est le calendrier des prochaines phases de la ZAC et les volumes de terre végétale associés ?;Moyen;~490 km de Wittelsheim;Distance importante — logistique à valider.;28/09/2026
9;A++;Ville de Boulogne-Billancourt / Département des Hauts-de-Seine;NON RENSEIGNÉ — À RECHERCHER;NON RENSEIGNÉ — À RECHERCHER;NON RENSEIGNÉ — À RECHERCHER;NON RENSEIGNÉ — À RECHERCHER;NON RENSEIGNÉ — À RECHERCHER;NON RENSEIGNÉ — À RECHERCHER;NON RENSEIGNÉ — À RECHERCHER;NON RENSEIGNÉ — À RECHERCHER;Boulogne-Billancourt;92;Île-de-France;Réhabilitation du quai Gorse sur la RD1, entre le pont Renault et le pont de Sèvres;Boulogne-Billancourt;92;Réhabilitation de voirie avec fourniture de terre végétale et amendements pour plantations.;Avis marchesonline.com : réhabilitation du quai Gorse RD1 (Boulogne-Billancourt) incluant fourniture de terre végétale et d'amendements pour les plantations.;Terre végétale + amendements;NON RENSEIGNÉ — À RECHERCHER;NON RENSEIGNÉ — À RECHERCHER;NON RENSEIGNÉ — À RECHERCHER;NON RENSEIGNÉ — À RECHERCHER;NON RENSEIGNÉ — À RECHERCHER;NON RENSEIGNÉ — À RECHERCHER;Département des Hauts-de-Seine (RD1);NON RENSEIGNÉ — À RECHERCHER;marchesonline.com — https://www.marchesonline.com/appels-offres/avis/rehabilitation-du-quai-gorse-sur-la-rd1-entre-le-pont/ao-9475776-1;NON RENSEIGNÉ — À RECHERCHER;Besoin explicite terre végétale + amendements, maître d'ouvrage départemental solvable.;Identifier le titulaire du lot espaces verts/plantations et proposer une offre terre amendée.;Le marché quai Gorse est-il attribué ? Quel volume de terre végétale et d'amendements est prévu ?;Petit à moyen;~450 km de Wittelsheim;Distance importante — pertinent uniquement si mutualisé avec d'autres livraisons IDF.;28/09/2026
10;A++;Métropole Aix-Marseille-Provence / RTM — Chantier tramway VAL'TRAM;NON RENSEIGNÉ — À RECHERCHER;NON RENSEIGNÉ — À RECHERCHER;NON RENSEIGNÉ — À RECHERCHER;NON RENSEIGNÉ — À RECHERCHER;NON RENSEIGNÉ — À RECHERCHER;NON RENSEIGNÉ — À RECHERCHER;NON RENSEIGNÉ — À RECHERCHER;NON RENSEIGNÉ — À RECHERCHER;Aubagne / La Bouilladisse;13;Provence-Alpes-Côte d'Azur;VAL'TRAM — Réalisation d'une ligne de tramway entre Aubagne et La Bouilladisse — Travaux d'espaces verts et arrosage;Aubagne / La Bouilladisse;13;Fourniture, livraison et mise en œuvre de terre végétale sur environ 15 km de ligne dont 8 km de plateforme végétalisée, décompactage, création de fosses de plantation, engazonnement.;DCE publié (2024, dossier « 71230265 — Travaux d'espaces verts et arrosage — VAL'TRAM ») : préparation du sol, décompactage, fourniture et mise en œuvre de terre végétale sur ~15 km de tracé dont ~8 km de plateforme végétalisée et ses abords, fourniture et plantation de végétaux.;Terre végétale;NON RENSEIGNÉ — À RECHERCHER;~15 km de tracé, ~8 km de plateforme végétalisée;DCE 2024 — chantier probablement en cours d'exécution en 2026;Chantier vraisemblablement en cours (ligne en construction) — statut exact et titulaire à vérifier;NON RENSEIGNÉ — À RECHERCHER;NON RENSEIGNÉ — À RECHERCHER;Métropole Aix-Marseille-Provence / RTM;NON RENSEIGNÉ — À RECHERCHER;citoyen-ne-s-de-marseille.fr (DCE) — dossier 71230265;NON RENSEIGNÉ — À RECHERCHER;Volume très important sur un linéaire de 15 km, projet d'infrastructure structurant en cours d'exécution.;Identifier l'entreprise titulaire du lot espaces verts VAL'TRAM et proposer un appui logistique complémentaire si le fournisseur principal est saturé.;Qui est titulaire du lot espaces verts/arrosage VAL'TRAM et quel est l'état d'avancement des besoins en terre végétale ?;Exceptionnel (linéaire de 15 km);~650 km de Wittelsheim;Distance très importante — pertinent uniquement en cas de solution logistique/sourcing local dédiée. Logistique à valider.;28/09/2026
11;A+;ROCHE PAYSAGE;NON RENSEIGNÉ — À RECHERCHER;NON RENSEIGNÉ — À RECHERCHER;NON RENSEIGNÉ — À RECHERCHER;NON RENSEIGNÉ — À RECHERCHER;NON RENSEIGNÉ — À RECHERCHER;NON RENSEIGNÉ — À RECHERCHER;NON RENSEIGNÉ — À RECHERCHER;roche-paysage.fr;Saint-Germain-Laprade;43;Auvergne-Rhône-Alpes;Zone d'Activités Économiques — Travaux d'entretien Espaces Verts — Secteur Est;Secteur Est (Haute-Loire, à préciser);43;Entreprise de paysage attributaire d'un marché d'entretien d'espaces verts sur zone d'activités — besoin probable de terre/amendements pour reprises de massifs et regarnissage.;Avis d'attribution BOAMP n° 26-28880 du 19/03/2026 : marché « Zone d'Activités Économiques — Travaux d'entretien Espaces Verts — Secteur Est » attribué à ROCHE PAYSAGE pour un montant de 150 000 €.;Terre végétale / terre amendée (probable pour entretien/regarnissage);NON RENSEIGNÉ — À RECHERCHER;NON RENSEIGNÉ — À RECHERCHER;19/03/2026;Marché attribué — en cours d'exécution;NON RENSEIGNÉ — À RECHERCHER;150 000 €;Collectivité gestionnaire de la ZAE (à préciser);ROCHE PAYSAGE;Recherche croisée BOAMP/avis d'attribution (référence 26-28880);NON RENSEIGNÉ — À RECHERCHER;Entreprise de paysage identifiée comme TITULAIRE d'un marché d'entretien d'espaces verts d'ampleur (150 k€) — exécutante réelle et connue, donc acheteuse potentielle de terre amendée pour les reprises.;Prendre contact en tant que fournisseur régional pour les besoins de terre amendée liés à l'exécution du marché d'entretien ZAE Secteur Est.;Pour l'entretien de la ZAE Secteur Est, avez-vous un fournisseur de terre amendée pour les regarnissages et reprises de massifs ?;Petit à moyen;~430 km de Wittelsheim;Distance importante — pertinent si l'entreprise a plusieurs marchés régionaux consolidant le volume.;28/09/2026
12;A+;CPAM du Rhône (Caisse Primaire d'Assurance Maladie);NON RENSEIGNÉ — À RECHERCHER;NON RENSEIGNÉ — À RECHERCHER;NON RENSEIGNÉ — À RECHERCHER;NON RENSEIGNÉ — À RECHERCHER;NON RENSEIGNÉ — À RECHERCHER;NON RENSEIGNÉ — À RECHERCHER;NON RENSEIGNÉ — À RECHERCHER;NON RENSEIGNÉ — À RECHERCHER;Lyon (siège probable);69;Auvergne-Rhône-Alpes;Marché d'entretien des espaces verts des sites de la CPAM du Rhône;Sites CPAM du Rhône;69;Marché d'entretien d'espaces verts sur plusieurs sites — besoin probable de terre/amendements pour regarnissage et massifs.;Marché identifié pour l'entretien des espaces verts des sites de la CPAM du Rhône, valeur estimée 180 000 € (2026).;NON RENSEIGNÉ — À RECHERCHER;NON RENSEIGNÉ — À RECHERCHER;NON RENSEIGNÉ — À RECHERCHER;NON RENSEIGNÉ — À RECHERCHER;À vérifier — titulaire non identifié dans les extraits disponibles;NON RENSEIGNÉ — À RECHERCHER;180 000 € (estimation);CPAM du Rhône;NON RENSEIGNÉ — À RECHERCHER;Recherche WebSearch (agrégateur marchés publics, détail exact à revérifier directement sur BOAMP/TED);NON RENSEIGNÉ — À RECHERCHER;Marché de bonne taille (180 k€) sur plusieurs sites — l'entretien régulier implique généralement un besoin récurrent de terre/amendements.;Identifier le titulaire du marché puis proposer une offre de fourniture régulière pour les regarnissages.;Qui est titulaire du marché d'entretien espaces verts CPAM Rhône, et quel volume de terre amendée est utilisé annuellement ?;Petit à moyen;~400 km de Wittelsheim;Distance importante — logistique à valider.;28/09/2026
13;A+;Normandie Aménagement;NON RENSEIGNÉ — À RECHERCHER;NON RENSEIGNÉ — À RECHERCHER;NON RENSEIGNÉ — À RECHERCHER;NON RENSEIGNÉ — À RECHERCHER;NON RENSEIGNÉ — À RECHERCHER;NON RENSEIGNÉ — À RECHERCHER;NON RENSEIGNÉ — À RECHERCHER;NON RENSEIGNÉ — À RECHERCHER;Caen;14;Normandie;Écoquartier des Hauts de l'Orne, Fleury-sur-Orne — 3ème phase;Fleury-sur-Orne;14;Aménageur public réalisant les espaces publics d'un écoquartier en 3ème phase — décapage de terre végétale et terrassements, apport probable pour les espaces verts créés.;Avis e-marchespublics.com : « Normandie Aménagement — Travaux de réalisation des espaces publics de la troisième phase de l'écoquartier des Hauts de l'Orne à Fleury sur Orne » — décapage de terre végétale et terrassements mentionnés.;Terre végétale;NON RENSEIGNÉ — À RECHERCHER;NON RENSEIGNÉ — À RECHERCHER;NON RENSEIGNÉ — À RECHERCHER;NON RENSEIGNÉ — À RECHERCHER;NON RENSEIGNÉ — À RECHERCHER;NON RENSEIGNÉ — À RECHERCHER;Normandie Aménagement;NON RENSEIGNÉ — À RECHERCHER;e-marchespublics.com — https://normandie-amenagement.e-marchespublics.com/pack/annonce_marche_public_13781_1027814.html;NON RENSEIGNÉ — À RECHERCHER;Aménageur public avec opération multi-phases (écoquartier) — potentiel de relation récurrente sur les phases suivantes.;Proposer une offre-cadre pour les besoins de terre végétale des phases 3 et suivantes de l'écoquartier.;Quel volume de terre végétale est prévu pour la phase 3, et existe-t-il un besoin similaire pour les phases suivantes ?;Moyen;~700 km de Wittelsheim;Distance très importante — logistique à valider, pertinent seulement si volume important.;28/09/2026
14;A+;Syndicat Mixte des Berges de l'Oise;NON RENSEIGNÉ — À RECHERCHER;NON RENSEIGNÉ — À RECHERCHER;NON RENSEIGNÉ — À RECHERCHER;NON RENSEIGNÉ — À RECHERCHER;NON RENSEIGNÉ — À RECHERCHER;NON RENSEIGNÉ — À RECHERCHER;NON RENSEIGNÉ — À RECHERCHER;NON RENSEIGNÉ — À RECHERCHER;Cergy-Pontoise (zone d'intervention);95;Île-de-France;Restauration des berges de l'Oise;Berges de l'Oise (Val-d'Oise);95;Projet de restauration écologique de berges avec option de fourniture de terre végétale et évacuation de terres.;Avis e-marchespublics.com : marché du Syndicat Mixte des berges de l'Oise incluant des postes optionnels de fourniture de terre végétale et d'export de terres.;Terre végétale;NON RENSEIGNÉ — À RECHERCHER;NON RENSEIGNÉ — À RECHERCHER;NON RENSEIGNÉ — À RECHERCHER;NON RENSEIGNÉ — À RECHERCHER;NON RENSEIGNÉ — À RECHERCHER;NON RENSEIGNÉ — À RECHERCHER;Syndicat Mixte des Berges de l'Oise;NON RENSEIGNÉ — À RECHERCHER;e-marchespublics.com — https://www.e-marchespublics.com/appel-offre/ile-de-france/val-d-oise/cergy-pontoise/567998/7512;NON RENSEIGNÉ — À RECHERCHER;Signal explicite (poste optionnel terre végétale) sur un projet environnemental structuré.;Proposer une offre pour le poste optionnel terre végétale du marché.;Le poste optionnel fourniture de terre végétale a-t-il été activé ? Quel volume est envisagé ?;Petit à moyen;~440 km de Wittelsheim;Distance importante — logistique à valider.;28/09/2026
15;A;Terratek TP;NON RENSEIGNÉ — À RECHERCHER;NON RENSEIGNÉ — À RECHERCHER;NON RENSEIGNÉ — À RECHERCHER;NON RENSEIGNÉ — À RECHERCHER;NON RENSEIGNÉ — À RECHERCHER;NON RENSEIGNÉ — À RECHERCHER;NON RENSEIGNÉ — À RECHERCHER;terratek-tp.fr;Wittenheim;68;Grand Est;Activité régulière : terrassement, VRD, aménagement extérieur;Haut-Rhin / Belfort / Bas-Rhin (zone d'intervention);68;Entreprise de terrassement/VRD/aménagement extérieur intervenant sur Mulhouse, Colmar, Saint-Louis — grande proximité géographique avec Wittelsheim, gros consommateur structurel potentiel de terre végétale/terre amendée pour ses chantiers VRD et aménagements extérieurs.;Profil d'entreprise (site professionnel) : Terratek TP, spécialiste terrassement/VRD/aménagement extérieur, basée à Wittenheim (Haut-Rhin), intervient sur Mulhouse, Colmar, Saint-Louis, Territoire-de-Belfort et Bas-Rhin. Aucun chantier précis avec volume identifié — classement A (consommateur structurel potentiel), pas A++/A+.;Terre végétale / terre amendée;NON RENSEIGNÉ — À RECHERCHER;NON RENSEIGNÉ — À RECHERCHER;NON RENSEIGNÉ — À RECHERCHER;NON RENSEIGNÉ — À RECHERCHER;NON RENSEIGNÉ — À RECHERCHER;NON RENSEIGNÉ — À RECHERCHER;NON RENSEIGNÉ — À RECHERCHER;NON RENSEIGNÉ — À RECHERCHER;terratek-tp.fr;NON RENSEIGNÉ — À RECHERCHER;Entreprise locale (Wittenheim, à ~3 km de Wittelsheim) — logistique idéale, relation de proximité possible, activité VRD/terrassement récurrente.;Prise de contact directe et locale — proposer un partenariat fournisseur régional avec livraison rapide et conditions préférentielles de proximité.;Quels volumes de terre végétale/terre amendée utilisez-vous annuellement sur vos chantiers VRD et aménagement extérieur ?;Moyen (à développer en relation récurrente);~3 km de Wittelsheim — EXCELLENT (voisin direct);Logistique optimale — aucun frein.;28/09/2026
16;A;Est Paysages d'Alsace;NON RENSEIGNÉ — À RECHERCHER;NON RENSEIGNÉ — À RECHERCHER;NON RENSEIGNÉ — À RECHERCHER;NON RENSEIGNÉ — À RECHERCHER;NON RENSEIGNÉ — À RECHERCHER;NON RENSEIGNÉ — À RECHERCHER;NON RENSEIGNÉ — À RECHERCHER;estpaysages.fr;Geispolsheim;67;Grand Est;Activité régulière : conception, aménagement, entretien d'espaces verts;NON RENSEIGNÉ — À RECHERCHER;NON RENSEIGNÉ — À RECHERCHER;Paysagiste régional (Strasbourg / Bas-Rhin) — gros consommateur structurel potentiel de terre végétale pour ses chantiers de création.;Profil d'entreprise : Est Paysages d'Alsace, paysagiste basé à Geispolsheim, intervient autour de Strasbourg et dans tout le Bas-Rhin. Aucun chantier précis identifié — classement A.;Terre végétale / terre amendée;NON RENSEIGNÉ — À RECHERCHER;NON RENSEIGNÉ — À RECHERCHER;NON RENSEIGNÉ — À RECHERCHER;NON RENSEIGNÉ — À RECHERCHER;NON RENSEIGNÉ — À RECHERCHER;NON RENSEIGNÉ — À RECHERCHER;NON RENSEIGNÉ — À RECHERCHER;NON RENSEIGNÉ — À RECHERCHER;estpaysages.fr;NON RENSEIGNÉ — À RECHERCHER;Paysagiste régional structuré en Alsace, proximité géographique forte avec Wittelsheim.;Contact direct pour évaluer les volumes annuels et proposer un partenariat fournisseur régional.;Quels volumes de terre végétale utilisez-vous sur vos chantiers de création d'espaces verts en Bas-Rhin ?;Petit à moyen;~90 km de Wittelsheim;Logistique favorable (région Alsace).;28/09/2026
17;A;idverde;NON RENSEIGNÉ — À RECHERCHER;NON RENSEIGNÉ — À RECHERCHER;NON RENSEIGNÉ — À RECHERCHER;NON RENSEIGNÉ — À RECHERCHER;NON RENSEIGNÉ — À RECHERCHER;NON RENSEIGNÉ — À RECHERCHER;NON RENSEIGNÉ — À RECHERCHER;idverde.fr;Guyancourt (siège France);78;Île-de-France (siège) / national;Activité nationale — leader européen du paysage;NON RENSEIGNÉ — À RECHERCHER;NON RENSEIGNÉ — À RECHERCHER;Leader européen de l'entretien et de la création d'espaces verts, CA groupe 2025 > 1,1 milliard € (1,2 Md€ après acquisition en Espagne) — consommateur structurel majeur de terre végétale/substrats à l'échelle nationale, avec agences régionales autonomes (dont potentiellement en Alsace/Grand Est).;idverde a publié de solides résultats 2025 (CA groupe > 1,1 Md€, marge EBITDA > 10%) et se positionne comme leader européen du paysage (Le Moniteur, communiqué idverde). Classement A — pas de chantier précis identifié dans cette recherche, mais taille et activité en font un gros consommateur structurel quasi-certain.;Terre végétale / terre amendée / substrats;NON RENSEIGNÉ — À RECHERCHER;NON RENSEIGNÉ — À RECHERCHER;NON RENSEIGNÉ — À RECHERCHER;NON RENSEIGNÉ — À RECHERCHER;NON RENSEIGNÉ — À RECHERCHER;Groupe : CA > 1,1 Md€ (2025);NON RENSEIGNÉ — À RECHERCHER;NON RENSEIGNÉ — À RECHERCHER;"idverde.fr — communiqué résultats 2025 ; lemoniteur.fr";NON RENSEIGNÉ — À RECHERCHER;Premier acteur du paysage en France/Europe — même une petite part de leurs achats régionaux représente un volume important. À approcher via l'agence régionale Grand Est/Alsace plutôt que le siège national.;Identifier l'agence idverde la plus proche de Wittelsheim (Mulhouse/Colmar/Strasbourg) et contacter son responsable d'agence ou acheteur régional plutôt que le siège.;Quelle agence idverde régionale (Alsace) gère les achats de terre végétale localement, et qui est le contact achats/approvisionnement ?;Gros à exceptionnel si une agence régionale est convertie en client récurrent;Siège à ~450 km, mais agences régionales probables plus proches — À IDENTIFIER;Cibler l'agence locale, pas le siège, pour une logistique viable.;28/09/2026
18;A;Pinson Paysage;NON RENSEIGNÉ — À RECHERCHER;NON RENSEIGNÉ — À RECHERCHER;NON RENSEIGNÉ — À RECHERCHER;NON RENSEIGNÉ — À RECHERCHER;NON RENSEIGNÉ — À RECHERCHER;NON RENSEIGNÉ — À RECHERCHER;NON RENSEIGNÉ — À RECHERCHER;NON RENSEIGNÉ — À RECHERCHER;À vérifier (siège en France);NON RENSEIGNÉ — À RECHERCHER;NON RENSEIGNÉ — À RECHERCHER;Activité nationale — 2e groupe paysage France;NON RENSEIGNÉ — À RECHERCHER;NON RENSEIGNÉ — À RECHERCHER;Deuxième groupe de paysage en France par le chiffre d'affaires (140 M€), gros consommateur structurel potentiel de terre végétale/substrats.;Pinson Paysage identifié comme premier concurrent d'idverde avec 140 M€ de CA (source : Le Moniteur / recherche sectorielle). Classement A — pas de chantier précis identifié.;Terre végétale / terre amendée / substrats;NON RENSEIGNÉ — À RECHERCHER;NON RENSEIGNÉ — À RECHERCHER;NON RENSEIGNÉ — À RECHERCHER;NON RENSEIGNÉ — À RECHERCHER;NON RENSEIGNÉ — À RECHERCHER;Groupe : CA ≈ 140 M€;NON RENSEIGNÉ — À RECHERCHER;NON RENSEIGNÉ — À RECHERCHER;lemoniteur.fr (article sur idverde citant Pinson Paysage comme 1er concurrent);NON RENSEIGNÉ — À RECHERCHER;Second acteur national du paysage — volume d'achat structurel important, à cibler via l'agence régionale la plus proche si elle existe en Grand Est.;"Identifier si Pinson Paysage dispose d'une agence en Alsace/Grand Est ; sinon évaluer la pertinence logistique avant prospection.";Pinson Paysage dispose-t-il d'une agence en Grand Est/Alsace, et qui en est le responsable achats ?;Gros si agence régionale identifiée et proche;À déterminer selon localisation de l'agence la plus proche;À valider selon implantation régionale.;28/09/2026
19;A;Eurovia (filiale Vinci Construction);NON RENSEIGNÉ — À RECHERCHER;NON RENSEIGNÉ — À RECHERCHER;NON RENSEIGNÉ — À RECHERCHER;NON RENSEIGNÉ — À RECHERCHER;NON RENSEIGNÉ — À RECHERCHER;NON RENSEIGNÉ — À RECHERCHER;NON RENSEIGNÉ — À RECHERCHER;NON RENSEIGNÉ — À RECHERCHER;Rueil-Malmaison (siège) / agences régionales;92;National;Activité nationale — VRD, TP, aménagements paysagers associés;NON RENSEIGNÉ — À RECHERCHER;NON RENSEIGNÉ — À RECHERCHER;Filiale travaux publics/VRD du groupe Vinci, réalise de nombreux chantiers incluant terrassement, talus, engazonnement et aménagements paysagers associés aux infrastructures — gros consommateur structurel potentiel.;Notoriété publique/sectorielle (classement BTP France) — Eurovia est une filiale majeure de TP/VRD du groupe Vinci. Classement A — aucun chantier terre-végétale précis identifié dans cette recherche.;Terre végétale / terre amendée;NON RENSEIGNÉ — À RECHERCHER;NON RENSEIGNÉ — À RECHERCHER;NON RENSEIGNÉ — À RECHERCHER;NON RENSEIGNÉ — À RECHERCHER;NON RENSEIGNÉ — À RECHERCHER;NON RENSEIGNÉ — À RECHERCHER;NON RENSEIGNÉ — À RECHERCHER;NON RENSEIGNÉ — À RECHERCHER;Connaissance sectorielle croisée avec classement BTP (lemoniteur.fr, uminov.com);NON RENSEIGNÉ — À RECHERCHER;Acteur national majeur du TP/VRD avec agence régionale probable en Alsace (Mulhouse/Strasbourg) — chantiers récurrents avec composante espaces verts/talus.;Identifier l'agence Eurovia Alsace/Grand Est et son conducteur de travaux ou responsable achats régional.;L'agence Eurovia Alsace a-t-elle des chantiers en cours nécessitant de la terre végétale pour talus/engazonnement ?;Gros si agence régionale convertie en client;Agence régionale probable en Alsace — à confirmer;Cibler l'agence locale.;28/09/2026
20;A;Colas (filiale Bouygues);NON RENSEIGNÉ — À RECHERCHER;NON RENSEIGNÉ — À RECHERCHER;NON RENSEIGNÉ — À RECHERCHER;NON RENSEIGNÉ — À RECHERCHER;NON RENSEIGNÉ — À RECHERCHER;NON RENSEIGNÉ — À RECHERCHER;NON RENSEIGNÉ — À RECHERCHER;NON RENSEIGNÉ — À RECHERCHER;NON RENSEIGNÉ — À RECHERCHER;NON RENSEIGNÉ — À RECHERCHER;NON RENSEIGNÉ — À RECHERCHER;Activité nationale — TP/VRD/génie civil;NON RENSEIGNÉ — À RECHERCHER;NON RENSEIGNÉ — À RECHERCHER;Acteur national n°1 des travaux publics/route, filiale Bouygues — chantiers routiers avec talus/engazonnement fréquents. Gros consommateur structurel potentiel de terre végétale/terre amendée sur ses chantiers. Aucun chantier terre-végétale spécifique identifié dans cette recherche — classement A par nature d'activité, conformément à la définition du brief.;NON RENSEIGNÉ — À RECHERCHER;Terre végétale / terre amendée;NON RENSEIGNÉ — À RECHERCHER;NON RENSEIGNÉ — À RECHERCHER;NON RENSEIGNÉ — À RECHERCHER;NON RENSEIGNÉ — À RECHERCHER;NON RENSEIGNÉ — À RECHERCHER;NON RENSEIGNÉ — À RECHERCHER;NON RENSEIGNÉ — À RECHERCHER;NON RENSEIGNÉ — À RECHERCHER;Classements sectoriels BTP France (lemoniteur.fr, uminov.com, tactidevis.fr);NON RENSEIGNÉ — À RECHERCHER;Acteur national majeur du secteur TP/VRD — volume d'achat structurel potentiel important via ses agences régionales.;Identifier l'agence régionale la plus proche de Wittelsheim (Grand Est/Alsace) et son responsable achats/conducteur de travaux.;Votre agence régionale la plus proche a-t-elle des chantiers en cours nécessitant de la terre végétale ?;Gros si agence régionale identifiée et proche;À déterminer selon implantation régionale;Cibler l'agence locale plutôt que le siège national.;28/09/2026
21;A;NGE;NON RENSEIGNÉ — À RECHERCHER;NON RENSEIGNÉ — À RECHERCHER;NON RENSEIGNÉ — À RECHERCHER;NON RENSEIGNÉ — À RECHERCHER;NON RENSEIGNÉ — À RECHERCHER;NON RENSEIGNÉ — À RECHERCHER;NON RENSEIGNÉ — À RECHERCHER;NON RENSEIGNÉ — À RECHERCHER;NON RENSEIGNÉ — À RECHERCHER;NON RENSEIGNÉ — À RECHERCHER;NON RENSEIGNÉ — À RECHERCHER;Activité nationale — TP/VRD/génie civil;NON RENSEIGNÉ — À RECHERCHER;NON RENSEIGNÉ — À RECHERCHER;Groupe de travaux publics indépendant d'envergure nationale (terrassement, VRD, génie civil). Gros consommateur structurel potentiel de terre végétale/terre amendée sur ses chantiers. Aucun chantier terre-végétale spécifique identifié dans cette recherche — classement A par nature d'activité, conformément à la définition du brief.;NON RENSEIGNÉ — À RECHERCHER;Terre végétale / terre amendée;NON RENSEIGNÉ — À RECHERCHER;NON RENSEIGNÉ — À RECHERCHER;NON RENSEIGNÉ — À RECHERCHER;NON RENSEIGNÉ — À RECHERCHER;NON RENSEIGNÉ — À RECHERCHER;NON RENSEIGNÉ — À RECHERCHER;NON RENSEIGNÉ — À RECHERCHER;NON RENSEIGNÉ — À RECHERCHER;Classements sectoriels BTP France (lemoniteur.fr, uminov.com, tactidevis.fr);NON RENSEIGNÉ — À RECHERCHER;Acteur national majeur du secteur TP/VRD — volume d'achat structurel potentiel important via ses agences régionales.;Identifier l'agence régionale la plus proche de Wittelsheim (Grand Est/Alsace) et son responsable achats/conducteur de travaux.;Votre agence régionale la plus proche a-t-elle des chantiers en cours nécessitant de la terre végétale ?;Gros si agence régionale identifiée et proche;À déterminer selon implantation régionale;Cibler l'agence locale plutôt que le siège national.;28/09/2026
22;A;Eiffage Route / Eiffage Génie Civil;NON RENSEIGNÉ — À RECHERCHER;NON RENSEIGNÉ — À RECHERCHER;NON RENSEIGNÉ — À RECHERCHER;NON RENSEIGNÉ — À RECHERCHER;NON RENSEIGNÉ — À RECHERCHER;NON RENSEIGNÉ — À RECHERCHER;NON RENSEIGNÉ — À RECHERCHER;NON RENSEIGNÉ — À RECHERCHER;NON RENSEIGNÉ — À RECHERCHER;NON RENSEIGNÉ — À RECHERCHER;NON RENSEIGNÉ — À RECHERCHER;Activité nationale — TP/VRD/génie civil;NON RENSEIGNÉ — À RECHERCHER;NON RENSEIGNÉ — À RECHERCHER;Filiales travaux du groupe Eiffage — chantiers routiers et VRD avec composante espaces verts/talus. Gros consommateur structurel potentiel de terre végétale/terre amendée sur ses chantiers. Aucun chantier terre-végétale spécifique identifié dans cette recherche — classement A par nature d'activité, conformément à la définition du brief.;NON RENSEIGNÉ — À RECHERCHER;Terre végétale / terre amendée;NON RENSEIGNÉ — À RECHERCHER;NON RENSEIGNÉ — À RECHERCHER;NON RENSEIGNÉ — À RECHERCHER;NON RENSEIGNÉ — À RECHERCHER;NON RENSEIGNÉ — À RECHERCHER;NON RENSEIGNÉ — À RECHERCHER;NON RENSEIGNÉ — À RECHERCHER;NON RENSEIGNÉ — À RECHERCHER;Classements sectoriels BTP France (lemoniteur.fr, uminov.com, tactidevis.fr);NON RENSEIGNÉ — À RECHERCHER;Acteur national majeur du secteur TP/VRD — volume d'achat structurel potentiel important via ses agences régionales.;Identifier l'agence régionale la plus proche de Wittelsheim (Grand Est/Alsace) et son responsable achats/conducteur de travaux.;Votre agence régionale la plus proche a-t-elle des chantiers en cours nécessitant de la terre végétale ?;Gros si agence régionale identifiée et proche;À déterminer selon implantation régionale;Cibler l'agence locale plutôt que le siège national.;28/09/2026
23;A;Spie Batignolles;NON RENSEIGNÉ — À RECHERCHER;NON RENSEIGNÉ — À RECHERCHER;NON RENSEIGNÉ — À RECHERCHER;NON RENSEIGNÉ — À RECHERCHER;NON RENSEIGNÉ — À RECHERCHER;NON RENSEIGNÉ — À RECHERCHER;NON RENSEIGNÉ — À RECHERCHER;NON RENSEIGNÉ — À RECHERCHER;NON RENSEIGNÉ — À RECHERCHER;NON RENSEIGNÉ — À RECHERCHER;NON RENSEIGNÉ — À RECHERCHER;Activité nationale — TP/VRD/génie civil;NON RENSEIGNÉ — À RECHERCHER;NON RENSEIGNÉ — À RECHERCHER;Groupe BTP diversifié (bâtiment, TP, génie civil) intervenant sur de grands chantiers avec aménagements extérieurs. Gros consommateur structurel potentiel de terre végétale/terre amendée sur ses chantiers. Aucun chantier terre-végétale spécifique identifié dans cette recherche — classement A par nature d'activité, conformément à la définition du brief.;NON RENSEIGNÉ — À RECHERCHER;Terre végétale / terre amendée;NON RENSEIGNÉ — À RECHERCHER;NON RENSEIGNÉ — À RECHERCHER;NON RENSEIGNÉ — À RECHERCHER;NON RENSEIGNÉ — À RECHERCHER;NON RENSEIGNÉ — À RECHERCHER;NON RENSEIGNÉ — À RECHERCHER;NON RENSEIGNÉ — À RECHERCHER;NON RENSEIGNÉ — À RECHERCHER;Classements sectoriels BTP France (lemoniteur.fr, uminov.com, tactidevis.fr);NON RENSEIGNÉ — À RECHERCHER;Acteur national majeur du secteur TP/VRD — volume d'achat structurel potentiel important via ses agences régionales.;Identifier l'agence régionale la plus proche de Wittelsheim (Grand Est/Alsace) et son responsable achats/conducteur de travaux.;Votre agence régionale la plus proche a-t-elle des chantiers en cours nécessitant de la terre végétale ?;Gros si agence régionale identifiée et proche;À déterminer selon implantation régionale;Cibler l'agence locale plutôt que le siège national.;28/09/2026
24;A;SADE;NON RENSEIGNÉ — À RECHERCHER;NON RENSEIGNÉ — À RECHERCHER;NON RENSEIGNÉ — À RECHERCHER;NON RENSEIGNÉ — À RECHERCHER;NON RENSEIGNÉ — À RECHERCHER;NON RENSEIGNÉ — À RECHERCHER;NON RENSEIGNÉ — À RECHERCHER;NON RENSEIGNÉ — À RECHERCHER;NON RENSEIGNÉ — À RECHERCHER;NON RENSEIGNÉ — À RECHERCHER;NON RENSEIGNÉ — À RECHERCHER;Activité nationale — TP/VRD/génie civil;NON RENSEIGNÉ — À RECHERCHER;NON RENSEIGNÉ — À RECHERCHER;Groupe spécialisé réseaux/VRD, chantiers incluant remise en état de surface et espaces verts associés. Gros consommateur structurel potentiel de terre végétale/terre amendée sur ses chantiers. Aucun chantier terre-végétale spécifique identifié dans cette recherche — classement A par nature d'activité, conformément à la définition du brief.;NON RENSEIGNÉ — À RECHERCHER;Terre végétale / terre amendée;NON RENSEIGNÉ — À RECHERCHER;NON RENSEIGNÉ — À RECHERCHER;NON RENSEIGNÉ — À RECHERCHER;NON RENSEIGNÉ — À RECHERCHER;NON RENSEIGNÉ — À RECHERCHER;NON RENSEIGNÉ — À RECHERCHER;NON RENSEIGNÉ — À RECHERCHER;NON RENSEIGNÉ — À RECHERCHER;Classements sectoriels BTP France (lemoniteur.fr, uminov.com, tactidevis.fr);NON RENSEIGNÉ — À RECHERCHER;Acteur national majeur du secteur TP/VRD — volume d'achat structurel potentiel important via ses agences régionales.;Identifier l'agence régionale la plus proche de Wittelsheim (Grand Est/Alsace) et son responsable achats/conducteur de travaux.;Votre agence régionale la plus proche a-t-elle des chantiers en cours nécessitant de la terre végétale ?;Gros si agence régionale identifiée et proche;À déterminer selon implantation régionale;Cibler l'agence locale plutôt que le siège national.;28/09/2026
25;A;Ramery;NON RENSEIGNÉ — À RECHERCHER;NON RENSEIGNÉ — À RECHERCHER;NON RENSEIGNÉ — À RECHERCHER;NON RENSEIGNÉ — À RECHERCHER;NON RENSEIGNÉ — À RECHERCHER;NON RENSEIGNÉ — À RECHERCHER;NON RENSEIGNÉ — À RECHERCHER;NON RENSEIGNÉ — À RECHERCHER;NON RENSEIGNÉ — À RECHERCHER;NON RENSEIGNÉ — À RECHERCHER;NON RENSEIGNÉ — À RECHERCHER;Activité nationale — TP/VRD/génie civil;NON RENSEIGNÉ — À RECHERCHER;NON RENSEIGNÉ — À RECHERCHER;Groupe BTP du Nord de la France, activité TP/VRD/bâtiment avec chantiers d'aménagement extérieur. Gros consommateur structurel potentiel de terre végétale/terre amendée sur ses chantiers. Aucun chantier terre-végétale spécifique identifié dans cette recherche — classement A par nature d'activité, conformément à la définition du brief.;NON RENSEIGNÉ — À RECHERCHER;Terre végétale / terre amendée;NON RENSEIGNÉ — À RECHERCHER;NON RENSEIGNÉ — À RECHERCHER;NON RENSEIGNÉ — À RECHERCHER;NON RENSEIGNÉ — À RECHERCHER;NON RENSEIGNÉ — À RECHERCHER;NON RENSEIGNÉ — À RECHERCHER;NON RENSEIGNÉ — À RECHERCHER;NON RENSEIGNÉ — À RECHERCHER;Classements sectoriels BTP France (lemoniteur.fr, uminov.com, tactidevis.fr);NON RENSEIGNÉ — À RECHERCHER;Acteur national majeur du secteur TP/VRD — volume d'achat structurel potentiel important via ses agences régionales.;Identifier l'agence régionale la plus proche de Wittelsheim (Grand Est/Alsace) et son responsable achats/conducteur de travaux.;Votre agence régionale la plus proche a-t-elle des chantiers en cours nécessitant de la terre végétale ?;Gros si agence régionale identifiée et proche;À déterminer selon implantation régionale;Cibler l'agence locale plutôt que le siège national.;28/09/2026
